path,count
C:\Users\salih\Desktop\WIDERFACE\WIDER_train\images\0--Parade/0_Parade_marchingband_1_849.jpg,1
C:\Users\salih\Desktop\WIDERFACE\WIDER_train\images\0--Parade/0_Parade_Parade_0_904.jpg,1
C:\Users\salih\Desktop\WIDERFACE\WIDER_train\images\0--Parade/0_Parade_marchingband_1_799.jpg,21
C:\Users\salih\Desktop\WIDERFACE\WIDER_train\images\0--Parade/0_Parade_marchingband_1_117.jpg,9
C:\Users\salih\Desktop\WIDERFACE\WIDER_train\images\0--Parade/0_Parade_marchingband_1_778.jpg,35
C:\Users\salih\Desktop\WIDERFACE\WIDER_train\images\0--Parade/0_Parade_Parade_0_343.jpg,18
C:\Users\salih\Desktop\WIDERFACE\WIDER_train\images\0--Parade/0_Parade_marchingband_1_205.jpg,65
C:\Users\salih\Desktop\WIDERFACE\WIDER_train\images\0--Parade/0_Parade_Parade_0_106.jpg,40
C:\Users\salih\Desktop\WIDERFACE\WIDER_train\images\0--Parade/0_Parade_Parade_0_476.jpg,35
C:\Users\salih\Desktop\WIDERFACE\WIDER_train\images\0--Parade/0_Parade_marchingband_1_12.jpg,18
C:\Users\salih\Desktop\WIDERFACE\WIDER_train\images\0--Parade/0_Parade_marchingband_1_273.jpg,6
C:\Users\salih\Desktop\WIDERFACE\WIDER_train\images\0--Parade/0_Parade_marchingband_1_928.jpg,12
C:\Users\salih\Desktop\WIDERFACE\WIDER_train\images\0--Parade/0_Parade_Parade_0_337.jpg,25
C:\Users\salih\Desktop\WIDERFACE\WIDER_train\images\0--Parade/0_Parade_marchingband_1_579.jpg,121
C:\Users\salih\Desktop\WIDERFACE\WIDER_train\images\0--Parade/0_Parade_Parade_0_90.jpg,25
C:\Users\salih\Desktop\WIDERFACE\WIDER_train\images\0--Parade/0_Parade_marchingband_1_300.jpg,20
C:\Users\salih\Desktop\WIDERFACE\WIDER_train\images\0--Parade/0_Parade_Parade_0_782.jpg,30
C:\Users\salih\Desktop\WIDERFACE\WIDER_train\images\0--Parade/0_Parade_Parade_0_449.jpg,22
C:\Users\salih\Desktop\WIDERFACE\WIDER_train\images\0--Parade/0_Parade_Parade_0_325.jpg,418
C:\Users\salih\Desktop\WIDERFACE\WIDER_train\images\0--Parade/0_Parade_Parade_0_136.jpg,80
C:\Users\salih\Desktop\WIDERFACE\WIDER_train\images\0--Parade/0_Parade_Parade_0_1014.jpg,2
C:\Users\salih\Desktop\WIDERFACE\WIDER_train\images\0--Parade/0_Parade_marchingband_1_454.jpg,13
C:\Users\salih\Desktop\WIDERFACE\WIDER_train\images\0--Parade/0_Parade_marchingband_1_483.jpg,9
C:\Users\salih\Desktop\WIDERFACE\WIDER_train\images\0--Parade/0_Parade_Parade_0_87.jpg,6
C:\Users\salih\Desktop\WIDERFACE\WIDER_train\images\0--Parade/0_Parade_marchingband_1_193.jpg,30
C:\Users\salih\Desktop\WIDERFACE\WIDER_train\images\0--Parade/0_Parade_Parade_0_156.jpg,27
C:\Users\salih\Desktop\WIDERFACE\WIDER_train\images\0--Parade/0_Parade_marchingband_1_631.jpg,54
C:\Users\salih\Desktop\WIDERFACE\WIDER_train\images\0--Parade/0_Parade_Parade_0_469.jpg,6
C:\Users\salih\Desktop\WIDERFACE\WIDER_train\images\0--Parade/0_Parade_Parade_0_438.jpg,21
C:\Users\salih\Desktop\WIDERFACE\WIDER_train\images\0--Parade/0_Parade_marchingband_1_462.jpg,18
C:\Users\salih\Desktop\WIDERFACE\WIDER_train\images\0--Parade/0_Parade_marchingband_1_624.jpg,119
C:\Users\salih\Desktop\WIDERFACE\WIDER_train\images\0--Parade/0_Parade_Parade_0_138.jpg,11
C:\Users\salih\Desktop\WIDERFACE\WIDER_train\images\0--Parade/0_Parade_Parade_0_570.jpg,30
C:\Users\salih\Desktop\WIDERFACE\WIDER_train\images\0--Parade/0_Parade_Parade_0_148.jpg,22
C:\Users\salih\Desktop\WIDERFACE\WIDER_train\images\0--Parade/0_Parade_Parade_0_577.jpg,1
C:\Users\salih\Desktop\WIDERFACE\WIDER_train\images\0--Parade/0_Parade_Parade_0_652.jpg,7
C:\Users\salih\Desktop\WIDERFACE\WIDER_train\images\0--Parade/0_Parade_Parade_0_687.jpg,24
C:\Users\salih\Desktop\WIDERFACE\WIDER_train\images\0--Parade/0_Parade_marchingband_1_905.jpg,17
C:\Users\salih\Desktop\WIDERFACE\WIDER_train\images\0--Parade/0_Parade_marchingband_1_82.jpg,58
C:\Users\salih\Desktop\WIDERFACE\WIDER_train\images\0--Parade/0_Parade_marchingband_1_385.jpg,37
C:\Users\salih\Desktop\WIDERFACE\WIDER_train\images\0--Parade/0_Parade_marchingband_1_112.jpg,18
C:\Users\salih\Desktop\WIDERFACE\WIDER_train\images\0--Parade/0_Parade_Parade_0_188.jpg,174
C:\Users\salih\Desktop\WIDERFACE\WIDER_train\images\0--Parade/0_Parade_Parade_0_883.jpg,1
C:\Users\salih\Desktop\WIDERFACE\WIDER_train\images\0--Parade/0_Parade_marchingband_1_873.jpg,1
C:\Users\salih\Desktop\WIDERFACE\WIDER_train\images\0--Parade/0_Parade_Parade_0_516.jpg,27
C:\Users\salih\Desktop\WIDERFACE\WIDER_train\images\0--Parade/0_Parade_marchingband_1_242.jpg,19
C:\Users\salih\Desktop\WIDERFACE\WIDER_train\images\0--Parade/0_Parade_marchingband_1_925.jpg,1
C:\Users\salih\Desktop\WIDERFACE\WIDER_train\images\0--Parade/0_Parade_Parade_0_332.jpg,3
C:\Users\salih\Desktop\WIDERFACE\WIDER_train\images\0--Parade/0_Parade_marchingband_1_377.jpg,88
C:\Users\salih\Desktop\WIDERFACE\WIDER_train\images\0--Parade/0_Parade_Parade_0_132.jpg,36
C:\Users\salih\Desktop\WIDERFACE\WIDER_train\images\0--Parade/0_Parade_Parade_0_233.jpg,7
C:\Users\salih\Desktop\WIDERFACE\WIDER_train\images\0--Parade/0_Parade_Parade_0_439.jpg,11
C:\Users\salih\Desktop\WIDERFACE\WIDER_train\images\0--Parade/0_Parade_Parade_0_507.jpg,394
C:\Users\salih\Desktop\WIDERFACE\WIDER_train\images\0--Parade/0_Parade_marchingband_1_218.jpg,10
C:\Users\salih\Desktop\WIDERFACE\WIDER_train\images\0--Parade/0_Parade_marchingband_1_126.jpg,51
C:\Users\salih\Desktop\WIDERFACE\WIDER_train\images\0--Parade/0_Parade_marchingband_1_354.jpg,15
C:\Users\salih\Desktop\WIDERFACE\WIDER_train\images\0--Parade/0_Parade_Parade_0_676.jpg,14
C:\Users\salih\Desktop\WIDERFACE\WIDER_train\images\0--Parade/0_Parade_Parade_0_27.jpg,10
C:\Users\salih\Desktop\WIDERFACE\WIDER_train\images\0--Parade/0_Parade_Parade_0_359.jpg,25
C:\Users\salih\Desktop\WIDERFACE\WIDER_train\images\0--Parade/0_Parade_Parade_0_532.jpg,4
C:\Users\salih\Desktop\WIDERFACE\WIDER_train\images\0--Parade/0_Parade_marchingband_1_1046.jpg,3
C:\Users\salih\Desktop\WIDERFACE\WIDER_train\images\0--Parade/0_Parade_Parade_0_92.jpg,33
C:\Users\salih\Desktop\WIDERFACE\WIDER_train\images\0--Parade/0_Parade_marchingband_1_472.jpg,36
C:\Users\salih\Desktop\WIDERFACE\WIDER_train\images\0--Parade/0_Parade_Parade_0_852.jpg,4
C:\Users\salih\Desktop\WIDERFACE\WIDER_train\images\0--Parade/0_Parade_Parade_0_744.jpg,22
C:\Users\salih\Desktop\WIDERFACE\WIDER_train\images\0--Parade/0_Parade_marchingband_1_883.jpg,100
C:\Users\salih\Desktop\WIDERFACE\WIDER_train\images\0--Parade/0_Parade_marchingband_1_1018.jpg,5
C:\Users\salih\Desktop\WIDERFACE\WIDER_train\images\0--Parade/0_Parade_marchingband_1_1030.jpg,52
C:\Users\salih\Desktop\WIDERFACE\WIDER_train\images\0--Parade/0_Parade_marchingband_1_921.jpg,64
C:\Users\salih\Desktop\WIDERFACE\WIDER_train\images\0--Parade/0_Parade_Parade_0_761.jpg,1
C:\Users\salih\Desktop\WIDERFACE\WIDER_train\images\0--Parade/0_Parade_marchingband_1_808.jpg,10
C:\Users\salih\Desktop\WIDERFACE\WIDER_train\images\0--Parade/0_Parade_marchingband_1_495.jpg,22
C:\Users\salih\Desktop\WIDERFACE\WIDER_train\images\0--Parade/0_Parade_marchingband_1_286.jpg,67
C:\Users\salih\Desktop\WIDERFACE\WIDER_train\images\0--Parade/0_Parade_Parade_0_142.jpg,48
C:\Users\salih\Desktop\WIDERFACE\WIDER_train\images\0--Parade/0_Parade_Parade_0_35.jpg,48
C:\Users\salih\Desktop\WIDERFACE\WIDER_train\images\0--Parade/0_Parade_Parade_0_37.jpg,41
C:\Users\salih\Desktop\WIDERFACE\WIDER_train\images\0--Parade/0_Parade_Parade_0_942.jpg,27
C:\Users\salih\Desktop\WIDERFACE\WIDER_train\images\0--Parade/0_Parade_Parade_0_553.jpg,12
C:\Users\salih\Desktop\WIDERFACE\WIDER_train\images\0--Parade/0_Parade_marchingband_1_841.jpg,99
C:\Users\salih\Desktop\WIDERFACE\WIDER_train\images\0--Parade/0_Parade_Parade_0_327.jpg,32
C:\Users\salih\Desktop\WIDERFACE\WIDER_train\images\0--Parade/0_Parade_marchingband_1_140.jpg,9
C:\Users\salih\Desktop\WIDERFACE\WIDER_train\images\0--Parade/0_Parade_Parade_0_547.jpg,3
C:\Users\salih\Desktop\WIDERFACE\WIDER_train\images\0--Parade/0_Parade_Parade_0_644.jpg,69
C:\Users\salih\Desktop\WIDERFACE\WIDER_train\images\0--Parade/0_Parade_marchingband_1_146.jpg,20
C:\Users\salih\Desktop\WIDERFACE\WIDER_train\images\0--Parade/0_Parade_Parade_0_614.jpg,10
C:\Users\salih\Desktop\WIDERFACE\WIDER_train\images\0--Parade/0_Parade_marchingband_1_535.jpg,28
C:\Users\salih\Desktop\WIDERFACE\WIDER_train\images\0--Parade/0_Parade_Parade_0_441.jpg,28
C:\Users\salih\Desktop\WIDERFACE\WIDER_train\images\0--Parade/0_Parade_Parade_0_780.jpg,1
C:\Users\salih\Desktop\WIDERFACE\WIDER_train\images\0--Parade/0_Parade_marchingband_1_775.jpg,167
C:\Users\salih\Desktop\WIDERFACE\WIDER_train\images\0--Parade/0_Parade_Parade_0_193.jpg,41
C:\Users\salih\Desktop\WIDERFACE\WIDER_train\images\0--Parade/0_Parade_marchingband_1_341.jpg,73
C:\Users\salih\Desktop\WIDERFACE\WIDER_train\images\0--Parade/0_Parade_marchingband_1_219.jpg,32
C:\Users\salih\Desktop\WIDERFACE\WIDER_train\images\0--Parade/0_Parade_Parade_0_615.jpg,21
C:\Users\salih\Desktop\WIDERFACE\WIDER_train\images\0--Parade/0_Parade_marchingband_1_632.jpg,11
C:\Users\salih\Desktop\WIDERFACE\WIDER_train\images\0--Parade/0_Parade_Parade_0_126.jpg,44
C:\Users\salih\Desktop\WIDERFACE\WIDER_train\images\0--Parade/0_Parade_marchingband_1_409.jpg,16
C:\Users\salih\Desktop\WIDERFACE\WIDER_train\images\0--Parade/0_Parade_Parade_0_674.jpg,14
C:\Users\salih\Desktop\WIDERFACE\WIDER_train\images\0--Parade/0_Parade_marchingband_1_656.jpg,17
C:\Users\salih\Desktop\WIDERFACE\WIDER_train\images\0--Parade/0_Parade_Parade_0_326.jpg,12
C:\Users\salih\Desktop\WIDERFACE\WIDER_train\images\0--Parade/0_Parade_Parade_0_253.jpg,12
C:\Users\salih\Desktop\WIDERFACE\WIDER_train\images\0--Parade/0_Parade_marchingband_1_1038.jpg,2
C:\Users\salih\Desktop\WIDERFACE\WIDER_train\images\0--Parade/0_Parade_Parade_0_152.jpg,90
C:\Users\salih\Desktop\WIDERFACE\WIDER_train\images\0--Parade/0_Parade_marchingband_1_641.jpg,1
C:\Users\salih\Desktop\WIDERFACE\WIDER_train\images\0--Parade/0_Parade_Parade_0_209.jpg,24
C:\Users\salih\Desktop\WIDERFACE\WIDER_train\images\0--Parade/0_Parade_Parade_0_336.jpg,6
C:\Users\salih\Desktop\WIDERFACE\WIDER_train\images\0--Parade/0_Parade_marchingband_1_17.jpg,188
C:\Users\salih\Desktop\WIDERFACE\WIDER_train\images\0--Parade/0_Parade_marchingband_1_19.jpg,12
C:\Users\salih\Desktop\WIDERFACE\WIDER_train\images\0--Parade/0_Parade_marchingband_1_253.jpg,18
C:\Users\salih\Desktop\WIDERFACE\WIDER_train\images\0--Parade/0_Parade_Parade_0_897.jpg,8
C:\Users\salih\Desktop\WIDERFACE\WIDER_train\images\0--Parade/0_Parade_marchingband_1_691.jpg,238
C:\Users\salih\Desktop\WIDERFACE\WIDER_train\images\0--Parade/0_Parade_marchingband_1_588.jpg,11
C:\Users\salih\Desktop\WIDERFACE\WIDER_train\images\0--Parade/0_Parade_marchingband_1_673.jpg,23
C:\Users\salih\Desktop\WIDERFACE\WIDER_train\images\0--Parade/0_Parade_Parade_0_605.jpg,27
C:\Users\salih\Desktop\WIDERFACE\WIDER_train\images\0--Parade/0_Parade_Parade_0_731.jpg,9
C:\Users\salih\Desktop\WIDERFACE\WIDER_train\images\0--Parade/0_Parade_Parade_0_595.jpg,2
C:\Users\salih\Desktop\WIDERFACE\WIDER_train\images\0--Parade/0_Parade_Parade_0_145.jpg,15
C:\Users\salih\Desktop\WIDERFACE\WIDER_train\images\0--Parade/0_Parade_Parade_0_868.jpg,11
C:\Users\salih\Desktop\WIDERFACE\WIDER_train\images\0--Parade/0_Parade_marchingband_1_163.jpg,31
C:\Users\salih\Desktop\WIDERFACE\WIDER_train\images\0--Parade/0_Parade_Parade_0_176.jpg,36
C:\Users\salih\Desktop\WIDERFACE\WIDER_train\images\0--Parade/0_Parade_marchingband_1_388.jpg,50
C:\Users\salih\Desktop\WIDERFACE\WIDER_train\images\0--Parade/0_Parade_Parade_0_803.jpg,1
C:\Users\salih\Desktop\WIDERFACE\WIDER_train\images\0--Parade/0_Parade_Parade_0_4.jpg,9
C:\Users\salih\Desktop\WIDERFACE\WIDER_train\images\0--Parade/0_Parade_marchingband_1_473.jpg,6
C:\Users\salih\Desktop\WIDERFACE\WIDER_train\images\0--Parade/0_Parade_Parade_0_123.jpg,1
C:\Users\salih\Desktop\WIDERFACE\WIDER_train\images\0--Parade/0_Parade_marchingband_1_594.jpg,23
C:\Users\salih\Desktop\WIDERFACE\WIDER_train\images\0--Parade/0_Parade_marchingband_1_644.jpg,23
C:\Users\salih\Desktop\WIDERFACE\WIDER_train\images\0--Parade/0_Parade_Parade_0_5.jpg,14
C:\Users\salih\Desktop\WIDERFACE\WIDER_train\images\0--Parade/0_Parade_Parade_0_89.jpg,22
C:\Users\salih\Desktop\WIDERFACE\WIDER_train\images\0--Parade/0_Parade_marchingband_1_381.jpg,35
C:\Users\salih\Desktop\WIDERFACE\WIDER_train\images\0--Parade/0_Parade_marchingband_1_5.jpg,10
C:\Users\salih\Desktop\WIDERFACE\WIDER_train\images\0--Parade/0_Parade_Parade_0_454.jpg,46
C:\Users\salih\Desktop\WIDERFACE\WIDER_train\images\0--Parade/0_Parade_Parade_0_228.jpg,135
C:\Users\salih\Desktop\WIDERFACE\WIDER_train\images\0--Parade/0_Parade_Parade_0_31.jpg,37
C:\Users\salih\Desktop\WIDERFACE\WIDER_train\images\0--Parade/0_Parade_Parade_0_363.jpg,20
C:\Users\salih\Desktop\WIDERFACE\WIDER_train\images\0--Parade/0_Parade_Parade_0_522.jpg,2
C:\Users\salih\Desktop\WIDERFACE\WIDER_train\images\0--Parade/0_Parade_marchingband_1_422.jpg,52
C:\Users\salih\Desktop\WIDERFACE\WIDER_train\images\0--Parade/0_Parade_Parade_0_702.jpg,16
C:\Users\salih\Desktop\WIDERFACE\WIDER_train\images\0--Parade/0_Parade_marchingband_1_431.jpg,1
C:\Users\salih\Desktop\WIDERFACE\WIDER_train\images\0--Parade/0_Parade_Parade_0_528.jpg,7
C:\Users\salih\Desktop\WIDERFACE\WIDER_train\images\0--Parade/0_Parade_Parade_0_42.jpg,45
C:\Users\salih\Desktop\WIDERFACE\WIDER_train\images\0--Parade/0_Parade_Parade_0_178.jpg,5
C:\Users\salih\Desktop\WIDERFACE\WIDER_train\images\0--Parade/0_Parade_Parade_0_415.jpg,21
C:\Users\salih\Desktop\WIDERFACE\WIDER_train\images\0--Parade/0_Parade_marchingband_1_774.jpg,2
C:\Users\salih\Desktop\WIDERFACE\WIDER_train\images\0--Parade/0_Parade_Parade_0_97.jpg,42
C:\Users\salih\Desktop\WIDERFACE\WIDER_train\images\0--Parade/0_Parade_marchingband_1_847.jpg,7
C:\Users\salih\Desktop\WIDERFACE\WIDER_train\images\0--Parade/0_Parade_marchingband_1_95.jpg,5
C:\Users\salih\Desktop\WIDERFACE\WIDER_train\images\0--Parade/0_Parade_Parade_0_924.jpg,8
C:\Users\salih\Desktop\WIDERFACE\WIDER_train\images\0--Parade/0_Parade_marchingband_1_630.jpg,14
C:\Users\salih\Desktop\WIDERFACE\WIDER_train\images\0--Parade/0_Parade_Parade_0_271.jpg,5
C:\Users\salih\Desktop\WIDERFACE\WIDER_train\images\0--Parade/0_Parade_marchingband_1_464.jpg,333
C:\Users\salih\Desktop\WIDERFACE\WIDER_train\images\0--Parade/0_Parade_marchingband_1_364.jpg,63
C:\Users\salih\Desktop\WIDERFACE\WIDER_train\images\0--Parade/0_Parade_Parade_0_370.jpg,12
C:\Users\salih\Desktop\WIDERFACE\WIDER_train\images\0--Parade/0_Parade_Parade_0_471.jpg,4
C:\Users\salih\Desktop\WIDERFACE\WIDER_train\images\0--Parade/0_Parade_Parade_0_1042.jpg,26
C:\Users\salih\Desktop\WIDERFACE\WIDER_train\images\0--Parade/0_Parade_Parade_0_842.jpg,29
C:\Users\salih\Desktop\WIDERFACE\WIDER_train\images\0--Parade/0_Parade_Parade_0_69.jpg,32
C:\Users\salih\Desktop\WIDERFACE\WIDER_train\images\0--Parade/0_Parade_Parade_0_322.jpg,30
C:\Users\salih\Desktop\WIDERFACE\WIDER_train\images\0--Parade/0_Parade_marchingband_1_930.jpg,9
C:\Users\salih\Desktop\WIDERFACE\WIDER_train\images\0--Parade/0_Parade_Parade_0_434.jpg,16
C:\Users\salih\Desktop\WIDERFACE\WIDER_train\images\0--Parade/0_Parade_Parade_0_407.jpg,28
C:\Users\salih\Desktop\WIDERFACE\WIDER_train\images\0--Parade/0_Parade_marchingband_1_663.jpg,77
C:\Users\salih\Desktop\WIDERFACE\WIDER_train\images\0--Parade/0_Parade_Parade_0_77.jpg,121
C:\Users\salih\Desktop\WIDERFACE\WIDER_train\images\0--Parade/0_Parade_Parade_0_875.jpg,15
C:\Users\salih\Desktop\WIDERFACE\WIDER_train\images\0--Parade/0_Parade_marchingband_1_730.jpg,11
C:\Users\salih\Desktop\WIDERFACE\WIDER_train\images\0--Parade/0_Parade_Parade_0_371.jpg,5
C:\Users\salih\Desktop\WIDERFACE\WIDER_train\images\0--Parade/0_Parade_Parade_0_715.jpg,9
C:\Users\salih\Desktop\WIDERFACE\WIDER_train\images\0--Parade/0_Parade_marchingband_1_166.jpg,50
C:\Users\salih\Desktop\WIDERFACE\WIDER_train\images\0--Parade/0_Parade_Parade_0_33.jpg,152
C:\Users\salih\Desktop\WIDERFACE\WIDER_train\images\0--Parade/0_Parade_Parade_0_245.jpg,12
C:\Users\salih\Desktop\WIDERFACE\WIDER_train\images\0--Parade/0_Parade_Parade_0_724.jpg,1
C:\Users\salih\Desktop\WIDERFACE\WIDER_train\images\0--Parade/0_Parade_Parade_0_352.jpg,16
C:\Users\salih\Desktop\WIDERFACE\WIDER_train\images\0--Parade/0_Parade_marchingband_1_215.jpg,27
C:\Users\salih\Desktop\WIDERFACE\WIDER_train\images\0--Parade/0_Parade_Parade_0_171.jpg,31
C:\Users\salih\Desktop\WIDERFACE\WIDER_train\images\0--Parade/0_Parade_Parade_0_254.jpg,14
C:\Users\salih\Desktop\WIDERFACE\WIDER_train\images\0--Parade/0_Parade_Parade_0_70.jpg,91
C:\Users\salih\Desktop\WIDERFACE\WIDER_train\images\0--Parade/0_Parade_Parade_0_383.jpg,17
C:\Users\salih\Desktop\WIDERFACE\WIDER_train\images\0--Parade/0_Parade_marchingband_1_843.jpg,11
C:\Users\salih\Desktop\WIDERFACE\WIDER_train\images\0--Parade/0_Parade_Parade_0_55.jpg,25
C:\Users\salih\Desktop\WIDERFACE\WIDER_train\images\0--Parade/0_Parade_Parade_0_677.jpg,5
C:\Users\salih\Desktop\WIDERFACE\WIDER_train\images\0--Parade/0_Parade_marchingband_1_160.jpg,179
C:\Users\salih\Desktop\WIDERFACE\WIDER_train\images\0--Parade/0_Parade_Parade_0_324.jpg,15
C:\Users\salih\Desktop\WIDERFACE\WIDER_train\images\0--Parade/0_Parade_marchingband_1_412.jpg,12
C:\Users\salih\Desktop\WIDERFACE\WIDER_train\images\0--Parade/0_Parade_Parade_0_184.jpg,26
C:\Users\salih\Desktop\WIDERFACE\WIDER_train\images\0--Parade/0_Parade_Parade_0_315.jpg,51
C:\Users\salih\Desktop\WIDERFACE\WIDER_train\images\0--Parade/0_Parade_Parade_0_867.jpg,2
C:\Users\salih\Desktop\WIDERFACE\WIDER_train\images\0--Parade/0_Parade_marchingband_1_127.jpg,10
C:\Users\salih\Desktop\WIDERFACE\WIDER_train\images\0--Parade/0_Parade_marchingband_1_481.jpg,41
C:\Users\salih\Desktop\WIDERFACE\WIDER_train\images\0--Parade/0_Parade_marchingband_1_669.jpg,44
C:\Users\salih\Desktop\WIDERFACE\WIDER_train\images\0--Parade/0_Parade_Parade_0_11.jpg,28
C:\Users\salih\Desktop\WIDERFACE\WIDER_train\images\0--Parade/0_Parade_Parade_0_703.jpg,3
C:\Users\salih\Desktop\WIDERFACE\WIDER_train\images\0--Parade/0_Parade_marchingband_1_362.jpg,20
C:\Users\salih\Desktop\WIDERFACE\WIDER_train\images\0--Parade/0_Parade_Parade_0_39.jpg,143
C:\Users\salih\Desktop\WIDERFACE\WIDER_train\images\0--Parade/0_Parade_Parade_0_45.jpg,43
C:\Users\salih\Desktop\WIDERFACE\WIDER_train\images\0--Parade/0_Parade_Parade_0_21.jpg,30
C:\Users\salih\Desktop\WIDERFACE\WIDER_train\images\0--Parade/0_Parade_Parade_0_212.jpg,19
C:\Users\salih\Desktop\WIDERFACE\WIDER_train\images\0--Parade/0_Parade_Parade_0_678.jpg,11
C:\Users\salih\Desktop\WIDERFACE\WIDER_train\images\0--Parade/0_Parade_Parade_0_342.jpg,15
C:\Users\salih\Desktop\WIDERFACE\WIDER_train\images\0--Parade/0_Parade_marchingband_1_8.jpg,222
C:\Users\salih\Desktop\WIDERFACE\WIDER_train\images\0--Parade/0_Parade_marchingband_1_628.jpg,7
C:\Users\salih\Desktop\WIDERFACE\WIDER_train\images\0--Parade/0_Parade_Parade_0_632.jpg,1
C:\Users\salih\Desktop\WIDERFACE\WIDER_train\images\0--Parade/0_Parade_marchingband_1_37.jpg,12
C:\Users\salih\Desktop\WIDERFACE\WIDER_train\images\0--Parade/0_Parade_Parade_0_242.jpg,1
C:\Users\salih\Desktop\WIDERFACE\WIDER_train\images\0--Parade/0_Parade_Parade_0_811.jpg,2
C:\Users\salih\Desktop\WIDERFACE\WIDER_train\images\0--Parade/0_Parade_Parade_0_226.jpg,18
C:\Users\salih\Desktop\WIDERFACE\WIDER_train\images\0--Parade/0_Parade_Parade_0_773.jpg,1
C:\Users\salih\Desktop\WIDERFACE\WIDER_train\images\0--Parade/0_Parade_Parade_0_856.jpg,8
C:\Users\salih\Desktop\WIDERFACE\WIDER_train\images\0--Parade/0_Parade_marchingband_1_322.jpg,5
C:\Users\salih\Desktop\WIDERFACE\WIDER_train\images\0--Parade/0_Parade_marchingband_1_278.jpg,5
C:\Users\salih\Desktop\WIDERFACE\WIDER_train\images\0--Parade/0_Parade_Parade_0_237.jpg,41
C:\Users\salih\Desktop\WIDERFACE\WIDER_train\images\0--Parade/0_Parade_marchingband_1_285.jpg,4
C:\Users\salih\Desktop\WIDERFACE\WIDER_train\images\0--Parade/0_Parade_Parade_0_260.jpg,12
C:\Users\salih\Desktop\WIDERFACE\WIDER_train\images\0--Parade/0_Parade_marchingband_1_417.jpg,10
C:\Users\salih\Desktop\WIDERFACE\WIDER_train\images\0--Parade/0_Parade_Parade_0_191.jpg,14
C:\Users\salih\Desktop\WIDERFACE\WIDER_train\images\0--Parade/0_Parade_Parade_0_207.jpg,8
C:\Users\salih\Desktop\WIDERFACE\WIDER_train\images\0--Parade/0_Parade_marchingband_1_408.jpg,97
C:\Users\salih\Desktop\WIDERFACE\WIDER_train\images\0--Parade/0_Parade_marchingband_1_13.jpg,31
C:\Users\salih\Desktop\WIDERFACE\WIDER_train\images\0--Parade/0_Parade_marchingband_1_334.jpg,126
C:\Users\salih\Desktop\WIDERFACE\WIDER_train\images\0--Parade/0_Parade_marchingband_1_685.jpg,48
C:\Users\salih\Desktop\WIDERFACE\WIDER_train\images\0--Parade/0_Parade_marchingband_1_272.jpg,21
C:\Users\salih\Desktop\WIDERFACE\WIDER_train\images\0--Parade/0_Parade_Parade_0_283.jpg,19
C:\Users\salih\Desktop\WIDERFACE\WIDER_train\images\0--Parade/0_Parade_marchingband_1_185.jpg,19
C:\Users\salih\Desktop\WIDERFACE\WIDER_train\images\0--Parade/0_Parade_Parade_0_805.jpg,4
C:\Users\salih\Desktop\WIDERFACE\WIDER_train\images\0--Parade/0_Parade_Parade_0_950.jpg,1
C:\Users\salih\Desktop\WIDERFACE\WIDER_train\images\0--Parade/0_Parade_marchingband_1_706.jpg,2
C:\Users\salih\Desktop\WIDERFACE\WIDER_train\images\0--Parade/0_Parade_marchingband_1_541.jpg,61
C:\Users\salih\Desktop\WIDERFACE\WIDER_train\images\0--Parade/0_Parade_marchingband_1_429.jpg,25
C:\Users\salih\Desktop\WIDERFACE\WIDER_train\images\0--Parade/0_Parade_Parade_0_473.jpg,23
C:\Users\salih\Desktop\WIDERFACE\WIDER_train\images\0--Parade/0_Parade_marchingband_1_886.jpg,54
C:\Users\salih\Desktop\WIDERFACE\WIDER_train\images\0--Parade/0_Parade_Parade_0_127.jpg,234
C:\Users\salih\Desktop\WIDERFACE\WIDER_train\images\0--Parade/0_Parade_marchingband_1_743.jpg,1
C:\Users\salih\Desktop\WIDERFACE\WIDER_train\images\0--Parade/0_Parade_marchingband_1_840.jpg,3
C:\Users\salih\Desktop\WIDERFACE\WIDER_train\images\0--Parade/0_Parade_marchingband_1_400.jpg,22
C:\Users\salih\Desktop\WIDERFACE\WIDER_train\images\0--Parade/0_Parade_marchingband_1_475.jpg,15
C:\Users\salih\Desktop\WIDERFACE\WIDER_train\images\0--Parade/0_Parade_marchingband_1_446.jpg,8
C:\Users\salih\Desktop\WIDERFACE\WIDER_train\images\0--Parade/0_Parade_marchingband_1_783.jpg,3
C:\Users\salih\Desktop\WIDERFACE\WIDER_train\images\0--Parade/0_Parade_marchingband_1_80.jpg,120
C:\Users\salih\Desktop\WIDERFACE\WIDER_train\images\0--Parade/0_Parade_marchingband_1_852.jpg,6
C:\Users\salih\Desktop\WIDERFACE\WIDER_train\images\0--Parade/0_Parade_marchingband_1_702.jpg,4
C:\Users\salih\Desktop\WIDERFACE\WIDER_train\images\0--Parade/0_Parade_marchingband_1_692.jpg,98
C:\Users\salih\Desktop\WIDERFACE\WIDER_train\images\0--Parade/0_Parade_Parade_0_3.jpg,26
C:\Users\salih\Desktop\WIDERFACE\WIDER_train\images\0--Parade/0_Parade_marchingband_1_45.jpg,2
C:\Users\salih\Desktop\WIDERFACE\WIDER_train\images\0--Parade/0_Parade_Parade_0_192.jpg,68
C:\Users\salih\Desktop\WIDERFACE\WIDER_train\images\0--Parade/0_Parade_Parade_0_220.jpg,5
C:\Users\salih\Desktop\WIDERFACE\WIDER_train\images\0--Parade/0_Parade_Parade_0_17.jpg,53
C:\Users\salih\Desktop\WIDERFACE\WIDER_train\images\0--Parade/0_Parade_Parade_0_162.jpg,43
C:\Users\salih\Desktop\WIDERFACE\WIDER_train\images\0--Parade/0_Parade_marchingband_1_100.jpg,9
C:\Users\salih\Desktop\WIDERFACE\WIDER_train\images\0--Parade/0_Parade_Parade_0_391.jpg,405
C:\Users\salih\Desktop\WIDERFACE\WIDER_train\images\0--Parade/0_Parade_Parade_0_693.jpg,7
C:\Users\salih\Desktop\WIDERFACE\WIDER_train\images\0--Parade/0_Parade_marchingband_1_6.jpg,38
C:\Users\salih\Desktop\WIDERFACE\WIDER_train\images\0--Parade/0_Parade_Parade_0_474.jpg,24
C:\Users\salih\Desktop\WIDERFACE\WIDER_train\images\0--Parade/0_Parade_marchingband_1_108.jpg,43
C:\Users\salih\Desktop\WIDERFACE\WIDER_train\images\0--Parade/0_Parade_Parade_0_912.jpg,14
C:\Users\salih\Desktop\WIDERFACE\WIDER_train\images\0--Parade/0_Parade_marchingband_1_223.jpg,18
C:\Users\salih\Desktop\WIDERFACE\WIDER_train\images\0--Parade/0_Parade_marchingband_1_416.jpg,20
C:\Users\salih\Desktop\WIDERFACE\WIDER_train\images\0--Parade/0_Parade_marchingband_1_757.jpg,16
C:\Users\salih\Desktop\WIDERFACE\WIDER_train\images\0--Parade/0_Parade_Parade_0_222.jpg,14
C:\Users\salih\Desktop\WIDERFACE\WIDER_train\images\0--Parade/0_Parade_marchingband_1_813.jpg,19
C:\Users\salih\Desktop\WIDERFACE\WIDER_train\images\0--Parade/0_Parade_marchingband_1_931.jpg,10
C:\Users\salih\Desktop\WIDERFACE\WIDER_train\images\0--Parade/0_Parade_Parade_0_202.jpg,45
C:\Users\salih\Desktop\WIDERFACE\WIDER_train\images\0--Parade/0_Parade_marchingband_1_940.jpg,8
C:\Users\salih\Desktop\WIDERFACE\WIDER_train\images\0--Parade/0_Parade_marchingband_1_419.jpg,4
C:\Users\salih\Desktop\WIDERFACE\WIDER_train\images\0--Parade/0_Parade_Parade_0_250.jpg,36
C:\Users\salih\Desktop\WIDERFACE\WIDER_train\images\0--Parade/0_Parade_Parade_0_183.jpg,26
C:\Users\salih\Desktop\WIDERFACE\WIDER_train\images\0--Parade/0_Parade_marchingband_1_343.jpg,21
C:\Users\salih\Desktop\WIDERFACE\WIDER_train\images\0--Parade/0_Parade_Parade_0_66.jpg,99
C:\Users\salih\Desktop\WIDERFACE\WIDER_train\images\0--Parade/0_Parade_Parade_0_491.jpg,5
C:\Users\salih\Desktop\WIDERFACE\WIDER_train\images\0--Parade/0_Parade_marchingband_1_512.jpg,3
C:\Users\salih\Desktop\WIDERFACE\WIDER_train\images\0--Parade/0_Parade_marchingband_1_536.jpg,83
C:\Users\salih\Desktop\WIDERFACE\WIDER_train\images\0--Parade/0_Parade_marchingband_1_796.jpg,1
C:\Users\salih\Desktop\WIDERFACE\WIDER_train\images\0--Parade/0_Parade_marchingband_1_842.jpg,2
C:\Users\salih\Desktop\WIDERFACE\WIDER_train\images\0--Parade/0_Parade_Parade_0_612.jpg,7
C:\Users\salih\Desktop\WIDERFACE\WIDER_train\images\0--Parade/0_Parade_Parade_0_110.jpg,13
C:\Users\salih\Desktop\WIDERFACE\WIDER_train\images\0--Parade/0_Parade_marchingband_1_1022.jpg,25
C:\Users\salih\Desktop\WIDERFACE\WIDER_train\images\0--Parade/0_Parade_Parade_0_916.jpg,19
C:\Users\salih\Desktop\WIDERFACE\WIDER_train\images\0--Parade/0_Parade_Parade_0_357.jpg,10
C:\Users\salih\Desktop\WIDERFACE\WIDER_train\images\0--Parade/0_Parade_Parade_0_180.jpg,19
C:\Users\salih\Desktop\WIDERFACE\WIDER_train\images\0--Parade/0_Parade_marchingband_1_801.jpg,1
C:\Users\salih\Desktop\WIDERFACE\WIDER_train\images\0--Parade/0_Parade_marchingband_1_114.jpg,28
C:\Users\salih\Desktop\WIDERFACE\WIDER_train\images\0--Parade/0_Parade_Parade_0_1040.jpg,1
C:\Users\salih\Desktop\WIDERFACE\WIDER_train\images\0--Parade/0_Parade_Parade_0_452.jpg,0
